4/10/2026,11:07,PM,39126,101.01.-111.png
4/10/2026,11:07,PM,39136,101.01.-112.png
4/10/2026,11:00,PM,27926,101.01.011.png
4/10/2026,11:11,PM,27775,101.01.013.png
4/10/2026,11:00,PM,27912,101.01.018.png
4/10/2026,11:11,PM,27976,101.01.021.png
4/10/2026,11:09,PM,27966,101.01.023.png
4/10/2026,11:11,PM,27971,101.01.025.png
4/10/2026,11:11,PM,27961,101.01.027.png
4/10/2026,11:00,PM,27940,101.01.031.png
4/10/2026,11:00,PM,27895,101.01.033.png
4/10/2026,11:03,PM,27973,101.01.034.png
4/10/2026,11:00,PM,27825,101.01.035.png
4/10/2026,11:03,PM,27992,101.01.036.png
4/10/2026,11:08,PM,27828,101.01.038.png
4/10/2026,11:03,PM,27838,101.01.039.png
4/10/2026,11:03,PM,27896,101.01.040.png
4/10/2026,11:00,PM,27877,101.01.041.png
4/10/2026,11:03,PM,27909,101.01.042.png
4/10/2026,11:11,PM,27980,101.01.045.png
4/10/2026,11:11,PM,27956,101.01.047.png
4/10/2026,11:07,PM,28096,101.01.113.png
4/10/2026,11:00,PM,27970,101.01.115.png
4/10/2026,11:00,PM,28125,101.01.117.png
4/10/2026,11:00,PM,28107,101.01.118.png
4/10/2026,11:07,PM,28202,101.01.121.png
4/10/2026,11:07,PM,28224,101.01.123.png
4/10/2026,11:07,PM,28210,101.01.127.png
4/10/2026,11:07,PM,28123,101.01.133.png
4/10/2026,11:05,PM,28068,101.01.134.png
4/10/2026,11:00,PM,28108,101.01.135.png
4/10/2026,11:00,PM,28143,101.01.137.png
4/10/2026,11:00,PM,28045,101.01.138.png
4/10/2026,11:07,PM,28174,101.01.141.png
4/10/2026,11:00,PM,28217,101.01.143.png
4/10/2026,11:08,PM,28240,101.01.145.png
4/10/2026,11:00,PM,24513,101.01.211.png
4/10/2026,11:07,PM,24416,101.01.213.png
4/10/2026,11:07,PM,24265,101.01.215.png
4/10/2026,11:00,PM,24375,101.01.217.png
4/10/2026,11:00,PM,24271,101.01.218.png
4/10/2026,11:06,PM,24369,101.01.219.png
4/10/2026,11:07,PM,24394,101.01.221.png
4/10/2026,11:00,PM,24481,101.01.225.png
4/10/2026,11:01,PM,24478,101.01.227.png
4/10/2026,11:00,PM,24463,101.01.231.png
4/10/2026,11:00,PM,24355,101.01.233.png
4/10/2026,11:00,PM,24236,101.01.235.png
4/10/2026,11:03,PM,24331,101.01.236.png
4/10/2026,11:08,PM,24267,101.01.237.png
4/10/2026,11:06,PM,24426,101.01.241.png
4/10/2026,11:00,PM,24537,101.01.243.png
4/10/2026,11:00,PM,24546,101.01.245.png
4/10/2026,11:00,PM,24552,101.01.247.png
4/10/2026,11:11,PM,23242,101.01.311.png
4/10/2026,11:11,PM,22875,101.01.313.png
4/10/2026,11:00,PM,23188,101.01.317.png
4/10/2026,11:00,PM,23089,101.01.318.png
4/10/2026,11:11,PM,23264,101.01.319.png
4/10/2026,11:11,PM,23351,101.01.321.png
4/10/2026,11:11,PM,23354,101.01.325.png
4/10/2026,11:11,PM,23327,101.01.331.png
4/10/2026,11:11,PM,23259,101.01.333.png
4/10/2026,11:11,PM,23048,101.01.335.png
4/10/2026,11:07,PM,22967,101.01.337.png
4/10/2026,11:11,PM,23108,101.01.339.png
4/10/2026,11:11,PM,23270,101.01.341.png
4/10/2026,11:11,PM,23385,101.01.345.png
4/10/2026,11:07,PM,55824,101.02.-107.png
4/10/2026,11:06,PM,55870,101.02.-115.png
4/10/2026,11:07,PM,55586,101.02.-119.png
4/10/2026,11:07,PM,55805,101.02.-123.png
4/10/2026,11:07,PM,55616,101.02.-127.png
4/10/2026,11:07,PM,55851,101.02.-132.png
4/10/2026,11:07,PM,55804,101.02.-133.png
4/10/2026,11:07,PM,55828,101.02.-144.png
4/10/2026,11:07,PM,55863,101.02.-146.png
4/10/2026,11:06,PM,45034,101.02.001.png
4/10/2026,11:00,PM,45033,101.02.009.png
4/10/2026,11:00,PM,45072,101.02.010.png
4/10/2026,11:00,PM,45170,101.02.011.png
4/10/2026,11:00,PM,45061,101.02.013.png
4/10/2026,11:06,PM,45126,101.02.014.png
4/10/2026,11:07,PM,45103,101.02.017.png
4/10/2026,11:07,PM,45043,101.02.019.png
4/10/2026,11:07,PM,45190,101.02.021.png
4/10/2026,11:07,PM,45070,101.02.024.png
4/10/2026,11:07,PM,45116,101.02.025.png
4/10/2026,11:11,PM,45003,101.02.027.png
4/10/2026,11:00,PM,44975,101.02.032.png
4/10/2026,11:07,PM,44671,101.02.039.png
4/10/2026,11:07,PM,44824,101.02.043.png
4/10/2026,11:07,PM,44862,101.02.047.png
4/10/2026,11:07,PM,45079,101.02.049.png
4/10/2026,11:00,PM,37976,101.02.101.png
4/10/2026,11:00,PM,37568,101.02.102.png
4/10/2026,11:00,PM,37362,101.02.103.png
4/10/2026,11:00,PM,37908,101.02.105.png
4/10/2026,11:00,PM,37965,101.02.107.png
4/10/2026,11:00,PM,37999,101.02.109.png
4/10/2026,11:01,PM,38035,101.02.111.png
4/10/2026,11:00,PM,37973,101.02.113.png
4/10/2026,11:00,PM,37924,101.02.114.png
4/10/2026,11:08,PM,37923,101.02.115.png
4/10/2026,11:11,PM,37878,101.02.116.png
4/10/2026,11:07,PM,37985,101.02.117.png
4/10/2026,11:08,PM,37953,101.02.119.png
4/10/2026,11:00,PM,37930,101.02.120.png
4/10/2026,11:00,PM,37988,101.02.121.png
4/10/2026,11:00,PM,37924,101.02.123.png
4/10/2026,11:00,PM,37950,101.02.124.png
4/10/2026,11:00,PM,38037,101.02.125.png
4/10/2026,11:00,PM,38014,101.02.127.png
4/10/2026,11:00,PM,37998,101.02.129.png
4/10/2026,11:00,PM,37136,101.02.130.png
4/10/2026,11:07,PM,37657,101.02.133.png
4/10/2026,11:07,PM,37988,101.02.135.png
4/10/2026,11:06,PM,37074,101.02.145.png
4/10/2026,11:06,PM,37151,101.02.147.png
4/10/2026,11:07,PM,37952,101.02.185.png
4/10/2026,11:07,PM,25938,101.03.-111.png
4/10/2026,11:00,PM,19182,101.03.001.png
4/10/2026,11:08,PM,19204,101.03.002.png
4/10/2026,11:11,PM,19189,101.03.003.png
4/10/2026,11:08,PM,19183,101.03.005.png
2/4/2026,10:55,AM,19283,101.03.006.png
4/10/2026,11:06,PM,30275,101.04.-115.png
4/10/2026,11:06,PM,30373,101.04.-117.png
4/10/2026,11:06,PM,30261,101.04.-175.png
4/10/2026,11:06,PM,30434,101.04.-176.png
4/10/2026,11:06,PM,30237,101.04.-177.png
4/10/2026,11:07,PM,25145,101.04.-271.png
4/10/2026,11:07,PM,42755,101.04.011.png
4/10/2026,11:06,PM,42765,101.04.013.png
4/10/2026,11:06,PM,42767,101.04.015.png
4/10/2026,11:06,PM,42753,101.04.017.png
4/10/2026,11:00,PM,42782,101.04.019.png
4/10/2026,11:06,PM,42846,101.04.021.png
4/10/2026,11:06,PM,42965,101.04.023.png
4/10/2026,11:06,PM,43002,101.04.025.png
4/10/2026,11:06,PM,42996,101.04.027.png
4/10/2026,11:07,PM,27433,101.04.113.png
4/10/2026,11:11,PM,27402,101.04.115.png
4/10/2026,11:11,PM,27487,101.04.117.png
4/10/2026,11:06,PM,27496,101.04.121.png
4/10/2026,11:07,PM,27437,101.04.125.png
4/10/2026,11:07,PM,27266,101.04.127.png
4/10/2026,11:06,PM,27659,101.04.210.png
4/10/2026,11:00,PM,27756,101.04.211.png
4/10/2026,11:06,PM,27913,101.04.213.png
4/10/2026,11:06,PM,27898,101.04.215.png
4/10/2026,11:06,PM,28021,101.04.217.png
4/10/2026,11:06,PM,27659,101.04.219.png
4/10/2026,11:06,PM,27670,101.04.220.png
4/10/2026,11:06,PM,27728,101.04.221.png
4/10/2026,11:06,PM,27735,101.04.223.png
4/10/2026,11:07,PM,27756,101.04.227.png
4/10/2026,11:07,PM,27664,101.04.229.png
4/10/2026,11:11,PM,27103,101.04.310.png
4/10/2026,11:06,PM,27112,101.04.311.png
4/10/2026,11:06,PM,27252,101.04.313.png
4/10/2026,11:06,PM,27171,101.04.315.png
4/10/2026,11:06,PM,27289,101.04.317.png
4/10/2026,11:00,PM,27140,101.04.320.png
4/10/2026,11:07,PM,27189,101.04.321.png
4/10/2026,11:07,PM,27189,101.04.323.png
4/10/2026,11:00,PM,27151,101.04.325.png
4/10/2026,11:11,PM,27140,101.04.329.png
4/10/2026,11:00,PM,30008,101.04.410.png
4/10/2026,11:06,PM,30047,101.04.411.png
4/10/2026,11:06,PM,30286,101.04.413.png
4/10/2026,11:06,PM,30200,101.04.415.png
4/10/2026,11:06,PM,30340,101.04.417.png
4/10/2026,11:00,PM,30015,101.04.419.png
4/10/2026,11:00,PM,30050,101.04.420.png
4/10/2026,11:06,PM,30044,101.04.421.png
4/10/2026,11:06,PM,30214,101.04.423.png
4/10/2026,11:06,PM,30173,101.04.425.png
4/10/2026,11:06,PM,30137,101.04.427.png
4/10/2026,11:00,PM,28645,101.04.510.png
4/10/2026,11:06,PM,28638,101.04.511.png
4/10/2026,11:07,PM,28649,101.04.513.png
4/10/2026,11:07,PM,28699,101.04.515.png
4/10/2026,11:07,PM,28712,101.04.517.png
4/10/2026,11:00,PM,28660,101.04.519.png
4/10/2026,11:00,PM,28658,101.04.520.png
4/10/2026,11:06,PM,28775,101.04.521.png
4/10/2026,11:06,PM,28718,101.04.523.png
4/10/2026,11:06,PM,28646,101.04.525.png
4/10/2026,11:00,PM,28665,101.04.527.png
4/10/2026,11:00,PM,28654,101.04.529.png
4/10/2026,11:00,PM,43068,101.04.601.png
4/10/2026,11:08,PM,43133,101.04.602.png
4/10/2026,11:00,PM,43090,101.04.603.png
4/10/2026,11:00,PM,43113,101.04.604.png
4/10/2026,11:00,PM,43129,101.04.605.png
4/10/2026,11:00,PM,43166,101.04.606.png
4/10/2026,11:06,PM,43199,101.04.607.png
4/10/2026,11:06,PM,42985,101.04.608.png
4/10/2026,11:06,PM,43051,101.04.609.png
4/10/2026,11:06,PM,43109,101.04.611.png
4/10/2026,11:06,PM,43075,101.04.612.png
4/10/2026,11:06,PM,43149,101.04.613.png
4/10/2026,11:06,PM,43075,101.04.614.png
4/10/2026,11:06,PM,43116,101.04.615.png
4/10/2026,11:06,PM,43088,101.04.616.png
4/10/2026,11:06,PM,43129,101.04.617.png
4/10/2026,11:06,PM,43121,101.04.618.png
4/10/2026,11:06,PM,43084,101.04.619.png
4/10/2026,11:06,PM,43143,101.04.620.png
4/10/2026,11:06,PM,43062,101.04.621.png
4/10/2026,11:06,PM,43079,101.04.622.png
4/10/2026,11:08,PM,203880,101.05.0B15.png
4/10/2026,11:08,PM,203911,101.05.0B16.png
4/10/2026,11:09,PM,203621,101.05.0H02.png
4/10/2026,11:09,PM,203149,101.05.0H06.png
4/10/2026,11:01,PM,171070,101.05.1A03.png
4/10/2026,11:01,PM,171032,101.05.1A05.png
4/10/2026,11:01,PM,171014,101.05.1A06.png
4/10/2026,11:01,PM,171102,101.05.1A07.png
4/10/2026,11:01,PM,171076,101.05.1A10.png
4/10/2026,11:01,PM,171110,101.05.1A12.png
4/10/2026,11:01,PM,171175,101.05.1A14.png
4/10/2026,11:01,PM,171211,101.05.1A15.png
4/10/2026,11:09,PM,170974,101.05.1A17.png
4/10/2026,11:01,PM,170970,101.05.1A33.png
4/10/2026,11:01,PM,170845,101.05.1B01.png
4/10/2026,11:01,PM,170872,101.05.1B02.png
4/10/2026,11:01,PM,170863,101.05.1B03.png
4/10/2026,11:01,PM,170830,101.05.1B04.png
4/10/2026,11:01,PM,171009,101.05.1B05.png
4/10/2026,11:01,PM,170954,101.05.1B06.png
4/10/2026,11:01,PM,171084,101.05.1B10.png
4/10/2026,11:01,PM,171084,101.05.1B12.png
4/10/2026,11:01,PM,171328,101.05.1B14.png
4/10/2026,11:03,PM,170981,101.05.1B18.png
4/10/2026,11:03,PM,170884,101.05.1B31.png
4/10/2026,11:08,PM,170913,101.05.1B32.png
4/10/2026,11:08,PM,170899,101.05.1B33.png
4/10/2026,11:08,PM,170926,101.05.1B34.png
4/10/2026,11:08,PM,171158,101.05.1B35.png
4/10/2026,11:01,PM,171319,101.05.1C01.png
4/10/2026,11:01,PM,171080,101.05.1C05.png
4/10/2026,11:08,PM,170969,101.05.1C06.png
4/10/2026,11:01,PM,170915,101.05.1C07.png
4/10/2026,11:01,PM,170914,101.05.1C08.png
2/4/2026,10:54,AM,170869,101.05.1C11.png
4/10/2026,11:01,PM,171335,101.05.1C19.png
4/10/2026,11:08,PM,170946,101.05.1C30.png
4/10/2026,11:10,PM,170996,101.05.1D11.png
4/10/2026,11:10,PM,170981,101.05.1H01.png
4/10/2026,11:10,PM,170959,101.05.1H03.png
4/10/2026,11:10,PM,170998,101.05.1H12.png
4/10/2026,11:10,PM,171000,101.05.1H14.png
4/10/2026,11:10,PM,171011,101.05.1H16.png
4/10/2026,11:10,PM,170982,101.05.1H19.png
2/4/2026,10:54,AM,171095,101.05.1H30.png
4/10/2026,11:01,PM,170673,101.05.1P01.png
4/10/2026,11:01,PM,170712,101.05.1P04.png
4/10/2026,11:01,PM,170790,101.05.1P06.png
4/10/2026,11:01,PM,170824,101.05.1P10.png
4/10/2026,11:01,PM,155963,101.05.2A01.png
4/10/2026,11:01,PM,156199,101.05.2A02.png
4/10/2026,11:09,PM,155978,101.05.2A04.png
4/10/2026,11:01,PM,156107,101.05.2A05.png
4/10/2026,11:01,PM,156060,101.05.2A07.png
4/10/2026,11:01,PM,155946,101.05.2A10.png
4/10/2026,11:01,PM,155997,101.05.2A12.png
4/10/2026,11:01,PM,155958,101.05.2A13.png
4/10/2026,11:01,PM,156116,101.05.2A14.png
4/10/2026,11:01,PM,156036,101.05.2A15.png
4/10/2026,11:10,PM,156011,101.05.2A17.png
4/10/2026,11:07,PM,156088,101.05.2A32.png
4/10/2026,11:07,PM,156090,101.05.2A34.png
4/10/2026,11:01,PM,156038,101.05.2B01.png
4/10/2026,11:01,PM,156033,101.05.2B03.png
4/10/2026,11:01,PM,156033,101.05.2B04.png
4/10/2026,11:01,PM,156085,101.05.2B05.png
4/10/2026,11:01,PM,156131,101.05.2B06.png
4/10/2026,11:01,PM,156144,101.05.2B10.png
4/10/2026,11:01,PM,156150,101.05.2B13.png
4/10/2026,11:01,PM,156267,101.05.2B15.png
4/10/2026,11:01,PM,156484,101.05.2B16.png
4/10/2026,11:01,PM,156062,101.05.2B18.png
4/10/2026,11:09,PM,156000,101.05.2B31.png
4/10/2026,11:09,PM,155971,101.05.2B33.png
4/10/2026,11:03,PM,155989,101.05.2B34.png
4/10/2026,11:08,PM,156412,101.05.2B35.png
4/10/2026,11:01,PM,156737,101.05.2C01.png
4/10/2026,11:01,PM,156619,101.05.2C03.png
4/10/2026,11:01,PM,156514,101.05.2C05.png
4/10/2026,11:09,PM,156147,101.05.2C06.png
4/10/2026,11:01,PM,156131,101.05.2C07.png
4/10/2026,11:01,PM,155977,101.05.2C08.png
2/4/2026,10:54,AM,155902,101.05.2C11.png
4/10/2026,11:01,PM,156712,101.05.2C19.png
4/10/2026,11:09,PM,155996,101.05.2C30.png
4/10/2026,11:10,PM,156010,101.05.2H01.png
4/10/2026,11:10,PM,156015,101.05.2H03.png
4/10/2026,11:07,PM,156012,101.05.2H12.png
4/10/2026,11:07,PM,156042,101.05.2H14.png
4/10/2026,11:07,PM,156024,101.05.2H16.png
4/10/2026,11:07,PM,155996,101.05.2H19.png
2/4/2026,10:54,AM,156133,101.05.2H30.png
4/10/2026,11:09,PM,155878,101.05.2P01.png
2/4/2026,10:55,AM,156085,101.05.2P06.png
4/10/2026,11:01,PM,158203,101.05.3A01.png
4/10/2026,11:01,PM,158211,101.05.3A02.png
4/10/2026,11:01,PM,158408,101.05.3A03.png
4/10/2026,11:01,PM,158353,101.05.3A04.png
4/10/2026,11:02,PM,158360,101.05.3A05.png
4/10/2026,11:02,PM,158391,101.05.3A06.png
4/10/2026,11:09,PM,158322,101.05.3A07.png
4/10/2026,11:02,PM,158247,101.05.3A10.png
4/10/2026,11:02,PM,158354,101.05.3A12.png
4/10/2026,11:02,PM,158337,101.05.3A13.png
4/10/2026,11:02,PM,158428,101.05.3A14.png
4/10/2026,11:02,PM,158437,101.05.3A15.png
4/10/2026,11:10,PM,158385,101.05.3A17.png
2/4/2026,10:55,AM,158332,101.05.3A19.png
4/10/2026,11:03,PM,158316,101.05.3A33.png
4/10/2026,11:08,PM,158360,101.05.3A36.png
4/10/2026,11:04,PM,158309,101.05.3B01.png
4/10/2026,11:03,PM,158387,101.05.3B02.png
4/10/2026,11:02,PM,158337,101.05.3B03.png
4/10/2026,11:02,PM,158300,101.05.3B04.png
4/10/2026,11:02,PM,158349,101.05.3B05.png
4/10/2026,11:02,PM,158299,101.05.3B06.png
4/10/2026,11:02,PM,158357,101.05.3B10.png
4/10/2026,11:02,PM,158445,101.05.3B13.png
4/10/2026,11:02,PM,158541,101.05.3B15.png
4/10/2026,11:02,PM,158589,101.05.3B17.png
4/10/2026,11:08,PM,158127,101.05.3B34.png
4/10/2026,11:02,PM,158556,101.05.3C01.png
4/10/2026,11:02,PM,158482,101.05.3C02.png
4/10/2026,11:02,PM,158651,101.05.3C03.png
4/10/2026,11:10,PM,158561,101.05.3C06.png
4/10/2026,11:10,PM,158415,101.05.3C08.png
4/10/2026,11:12,PM,158442,101.05.3C11.png
4/10/2026,11:02,PM,158642,101.05.3C18.png
4/10/2026,11:04,PM,158627,101.05.3C19.png
4/10/2026,11:08,PM,158281,101.05.3C30.png
4/10/2026,11:10,PM,158487,101.05.3D02.png
4/10/2026,11:10,PM,158353,101.05.3D11.png
4/10/2026,11:10,PM,158139,101.05.3H01.png
4/10/2026,11:10,PM,158310,101.05.3H03.png
4/10/2026,11:10,PM,158322,101.05.3H12.png
4/10/2026,11:10,PM,158338,101.05.3H14.png
4/10/2026,11:10,PM,158329,101.05.3H16.png
4/10/2026,11:10,PM,158316,101.05.3H19.png
4/10/2026,11:12,PM,158184,101.05.3H30.png
4/10/2026,11:12,PM,158325,101.05.3H31.png
2/4/2026,10:55,AM,158429,101.05.3P06.png
4/10/2026,11:02,PM,163160,101.05.4A01.png
4/10/2026,11:02,PM,163166,101.05.4A02.png
4/10/2026,11:02,PM,163137,101.05.4A03.png
4/10/2026,11:02,PM,163170,101.05.4A04.png
4/10/2026,11:02,PM,163299,101.05.4A06.png
4/10/2026,11:02,PM,163161,101.05.4A07.png
4/10/2026,11:02,PM,163346,101.05.4A10.png
4/10/2026,11:02,PM,163162,101.05.4A12.png
4/10/2026,11:02,PM,163140,101.05.4A13.png
4/10/2026,11:02,PM,163184,101.05.4A14.png
4/10/2026,11:02,PM,163191,101.05.4A15.png
4/10/2026,11:10,PM,162895,101.05.4A17.png
4/10/2026,11:02,PM,163050,101.05.4A32.png
4/10/2026,11:02,PM,163162,101.05.4B02.png
4/10/2026,11:02,PM,163254,101.05.4B03.png
4/10/2026,11:02,PM,163268,101.05.4B05.png
4/10/2026,11:02,PM,163152,101.05.4B06.png
4/10/2026,11:03,PM,163181,101.05.4B10.png
4/10/2026,11:02,PM,163244,101.05.4B11.png
4/10/2026,11:02,PM,163249,101.05.4B13.png
4/10/2026,11:02,PM,163200,101.05.4B14.png
4/10/2026,11:02,PM,163248,101.05.4B16.png
4/10/2026,11:02,PM,163281,101.05.4B17.png
4/10/2026,11:02,PM,163252,101.05.4B18.png
4/10/2026,11:02,PM,163609,101.05.4B19.png
4/10/2026,11:02,PM,163491,101.05.4B20.png
4/10/2026,11:02,PM,163130,101.05.4B33.png
4/10/2026,11:08,PM,163182,101.05.4B35.png
4/10/2026,11:03,PM,163463,101.05.4C02.png
4/10/2026,11:03,PM,163379,101.05.4C03.png
4/10/2026,11:10,PM,163280,101.05.4C06.png
4/10/2026,11:03,PM,163192,101.05.4C07.png
4/10/2026,11:10,PM,163267,101.05.4C08.png
4/10/2026,11:12,PM,163074,101.05.4C11.png
4/10/2026,11:08,PM,163142,101.05.4C30.png
4/10/2026,11:10,PM,163224,101.05.4D02.png
4/10/2026,11:10,PM,163150,101.05.4D11.png
4/10/2026,11:10,PM,162931,101.05.4H01.png
4/10/2026,11:10,PM,163106,101.05.4H03.png
4/10/2026,11:10,PM,163149,101.05.4H12.png
4/10/2026,11:10,PM,163183,101.05.4H14.png
4/10/2026,11:10,PM,163160,101.05.4H16.png
4/10/2026,11:10,PM,163158,101.05.4H19.png
4/10/2026,11:12,PM,163173,101.05.4H31.png
2/4/2026,10:55,AM,163381,101.05.4P06.png
4/10/2026,11:10,PM,194347,101.06.-1D09.png
4/10/2026,11:10,PM,194072,101.06.-1D13.png
4/10/2026,11:04,PM,203998,101.06.0D03.png
4/10/2026,11:10,PM,203785,101.06.0D06.png
4/10/2026,11:10,PM,203884,101.06.0D09.png
4/10/2026,11:10,PM,203853,101.06.0D13.png
4/10/2026,11:10,PM,170885,101.06.1A03.png
4/10/2026,11:10,PM,171049,101.06.1A06.png
4/10/2026,11:02,PM,171246,101.06.1A08.png
4/10/2026,11:02,PM,171185,101.06.1B03.png
4/10/2026,11:02,PM,170971,101.06.1B04.png
4/10/2026,11:02,PM,170995,101.06.1B05.png
4/10/2026,11:02,PM,170948,101.06.1B10.png
4/10/2026,11:02,PM,171006,101.06.1B12.png
4/10/2026,11:02,PM,170967,101.06.1B13.png
4/10/2026,11:02,PM,171121,101.06.1B14.png
4/10/2026,11:02,PM,171048,101.06.1B16.png
4/9/2026,11:02,PM,171161,101.06.1B17.png
4/10/2026,11:02,PM,171079,101.06.1B18.png
4/10/2026,11:08,PM,170984,101.06.1B32.png
4/10/2026,11:08,PM,170901,101.06.1B33.png
4/10/2026,11:02,PM,170896,101.06.1B34.png
4/10/2026,11:08,PM,170920,101.06.1C01.png
4/10/2026,11:02,PM,170952,101.06.1C20.png
4/10/2026,11:02,PM,170995,101.06.1C22.png
4/10/2026,11:04,PM,171177,101.06.1C23.png
4/10/2026,11:02,PM,170897,101.06.1C25.png
4/10/2026,11:02,PM,170813,101.06.1D03.png
4/10/2026,11:02,PM,170948,101.06.1D04.png
4/10/2026,11:02,PM,171039,101.06.1D05.png
4/10/2026,11:02,PM,171109,101.06.1D06.png
4/10/2026,11:02,PM,171131,101.06.1D08.png
4/10/2026,11:02,PM,171034,101.06.1D10.png
4/10/2026,11:02,PM,170981,101.06.1D11.png
4/10/2026,11:02,PM,170922,101.06.1D12.png
4/10/2026,11:02,PM,170935,101.06.1D13.png
4/10/2026,11:02,PM,170853,101.06.1D14.png
4/10/2026,11:08,PM,170755,101.06.1D30.png
4/10/2026,11:08,PM,170931,101.06.1D35.png
4/10/2026,11:08,PM,170887,101.06.1D36.png
4/10/2026,11:08,PM,170967,101.06.1D37.png
4/10/2026,11:10,PM,170518,101.06.1H01.png
4/10/2026,11:10,PM,170876,101.06.1H03.png
4/10/2026,11:10,PM,170921,101.06.1H05.png
4/10/2026,11:10,PM,170937,101.06.1H07.png
4/10/2026,11:10,PM,170897,101.06.1H13.png
4/10/2026,11:10,PM,170897,101.06.1H15.png
2/4/2026,10:54,AM,170669,101.06.1H30.png
4/10/2026,11:10,PM,155929,101.06.2A03.png
4/10/2026,11:10,PM,156115,101.06.2A06.png
4/10/2026,11:10,PM,156390,101.06.2A08.png
4/10/2026,11:03,PM,156363,101.06.2B03.png
4/10/2026,11:02,PM,156059,101.06.2B04.png
4/10/2026,11:03,PM,156076,101.06.2B05.png
4/10/2026,11:03,PM,156074,101.06.2B10.png
4/10/2026,11:03,PM,156141,101.06.2B12.png
4/10/2026,11:05,PM,156087,101.06.2B14.png
4/10/2026,11:03,PM,156077,101.06.2B16.png
4/10/2026,11:02,PM,156212,101.06.2B17.png
4/10/2026,11:07,PM,155959,101.06.2C01.png
4/10/2026,11:02,PM,155968,101.06.2C25.png
4/10/2026,11:02,PM,156127,101.06.2D03.png
4/10/2026,11:02,PM,155992,101.06.2D04.png
4/10/2026,11:02,PM,156223,101.06.2D05.png
4/10/2026,11:02,PM,156136,101.06.2D06.png
4/10/2026,11:03,PM,155964,101.06.2D09.png
4/10/2026,11:03,PM,156101,101.06.2D10.png
4/10/2026,11:03,PM,156032,101.06.2D11.png
4/10/2026,11:03,PM,155999,101.06.2D12.png
4/10/2026,11:03,PM,155969,101.06.2D13.png
4/10/2026,11:03,PM,155965,101.06.2D14.png
4/10/2026,11:01,PM,155978,101.06.2D30.png
4/10/2026,11:08,PM,155981,101.06.2D35.png
4/10/2026,11:08,PM,155835,101.06.2D36.png
4/10/2026,11:08,PM,155967,101.06.2D37.png
4/10/2026,11:10,PM,155962,101.06.2H01.png
4/10/2026,11:10,PM,155953,101.06.2H03.png
4/10/2026,11:10,PM,155874,101.06.2H05.png
4/10/2026,11:10,PM,156017,101.06.2H07.png
4/10/2026,11:10,PM,156010,101.06.2H13.png
4/10/2026,11:10,PM,155999,101.06.2H15.png
2/4/2026,10:54,AM,155994,101.06.2H30.png
4/10/2026,11:11,PM,158248,101.06.3A03.png
4/10/2026,11:10,PM,158339,101.06.3A06.png
4/10/2026,11:10,PM,158519,101.06.3A08.png
4/10/2026,11:03,PM,158532,101.06.3B02.png
4/10/2026,11:03,PM,158344,101.06.3B03.png
4/10/2026,11:03,PM,158310,101.06.3B04.png
4/10/2026,11:03,PM,158316,101.06.3B05.png
4/10/2026,11:04,PM,158369,101.06.3B10.png
4/10/2026,11:04,PM,158349,101.06.3B12.png
4/10/2026,11:04,PM,158414,101.06.3B14.png
4/10/2026,11:04,PM,158366,101.06.3B16.png
4/10/2026,11:04,PM,158492,101.06.3B17.png
4/10/2026,11:04,PM,158531,101.06.3B18.png
4/10/2026,11:08,PM,158264,101.06.3B33.png
4/10/2026,11:08,PM,158243,101.06.3B34.png
4/10/2026,11:08,PM,158271,101.06.3C01.png
4/10/2026,11:08,PM,158293,101.06.3C25.png
4/10/2026,11:03,PM,158374,101.06.3D03.png
4/10/2026,11:03,PM,158259,101.06.3D04.png
4/10/2026,11:03,PM,158297,101.06.3D05.png
4/10/2026,11:03,PM,158474,101.06.3D06.png
4/10/2026,11:03,PM,158317,101.06.3D07.png
4/10/2026,11:03,PM,158402,101.06.3D08.png
4/10/2026,11:03,PM,158307,101.06.3D09.png
4/10/2026,11:03,PM,158407,101.06.3D10.png
4/10/2026,11:03,PM,158434,101.06.3D12.png
4/10/2026,11:03,PM,158298,101.06.3D13.png
4/10/2026,11:03,PM,158211,101.06.3D14.png
4/10/2026,11:08,PM,158235,101.06.3D30.png
4/10/2026,11:08,PM,158306,101.06.3D35.png
4/10/2026,11:08,PM,158244,101.06.3D37.png
4/10/2026,11:10,PM,158176,101.06.3H01.png
4/10/2026,11:10,PM,158315,101.06.3H03.png
4/10/2026,11:10,PM,158161,101.06.3H05.png
4/10/2026,11:10,PM,158237,101.06.3H07.png
4/10/2026,11:10,PM,158258,101.06.3H13.png
4/10/2026,11:10,PM,158248,101.06.3H15.png
4/10/2026,11:12,PM,158050,101.06.3H30.png
4/10/2026,11:03,PM,163084,101.06.4A02.png
4/10/2026,11:03,PM,163089,101.06.4A03.png
4/10/2026,11:03,PM,163234,101.06.4A06.png
4/10/2026,11:03,PM,163425,101.06.4A08.png
4/10/2026,11:03,PM,163384,101.06.4B02.png
4/10/2026,11:03,PM,163207,101.06.4B03.png
4/10/2026,11:03,PM,163168,101.06.4B04.png
4/10/2026,11:08,PM,163186,101.06.4B05.png
4/10/2026,11:03,PM,163246,101.06.4B11.png
4/10/2026,11:03,PM,163261,101.06.4B12.png
4/10/2026,11:03,PM,163227,101.06.4B15.png
4/10/2026,11:03,PM,163298,101.06.4B17.png
4/10/2026,11:03,PM,163255,101.06.4B18.png
4/10/2026,11:03,PM,163181,101.06.4B19.png
4/10/2026,11:08,PM,163142,101.06.4B32.png
4/10/2026,11:03,PM,163088,101.06.4B33.png
4/10/2026,11:08,PM,163064,101.06.4B34.png
4/10/2026,11:08,PM,163080,101.06.4C01.png
4/10/2026,11:05,PM,163285,101.06.4C03.png
4/10/2026,11:04,PM,163232,101.06.4C10.png
4/10/2026,11:04,PM,163171,101.06.4C11.png
4/10/2026,11:04,PM,163211,101.06.4C12.png
4/10/2026,11:03,PM,163204,101.06.4C13.png
4/10/2026,11:03,PM,163186,101.06.4C14.png
4/10/2026,11:03,PM,163183,101.06.4C15.png
4/10/2026,11:03,PM,163377,101.06.4C20.png
4/10/2026,11:03,PM,163248,101.06.4C21.png
4/10/2026,11:03,PM,163193,101.06.4C22.png
4/10/2026,11:05,PM,163168,101.06.4C24.png
4/10/2026,11:08,PM,163069,101.06.4C25.png
4/10/2026,11:08,PM,163089,101.06.4C36.png
4/10/2026,11:08,PM,163072,101.06.4C37.png
4/10/2026,11:04,PM,163072,101.06.4C71.png
4/10/2026,11:03,PM,163225,101.06.4D03.png
4/10/2026,11:03,PM,163335,101.06.4D05.png
4/10/2026,11:03,PM,163319,101.06.4D07.png
4/10/2026,11:03,PM,163165,101.06.4D09.png
4/10/2026,11:03,PM,163230,101.06.4D10.png
4/10/2026,11:03,PM,163136,101.06.4D12.png
4/10/2026,11:08,PM,163068,101.06.4D14.png
4/10/2026,11:08,PM,163154,101.06.4D30.png
4/10/2026,11:08,PM,163063,101.06.4D35.png
4/10/2026,11:08,PM,163068,101.06.4D36.png
4/10/2026,11:08,PM,163072,101.06.4D37.png
4/10/2026,11:10,PM,163237,101.06.4H01.png
4/10/2026,11:10,PM,162708,101.06.4H03.png
4/10/2026,11:10,PM,163060,101.06.4H05.png
4/10/2026,11:10,PM,163118,101.06.4H07.png
4/10/2026,11:10,PM,163150,101.06.4H13.png
4/10/2026,11:10,PM,163135,101.06.4H15.png
4/10/2026,11:12,PM,163192,101.06.4H30.png
4/10/2026,11:07,PM,18848,101.07.F029.png
4/10/2026,11:05,PM,51579,101.07.F030.png
4/10/2026,11:11,PM,19249,101.07.F031A1.png
4/10/2026,11:11,PM,18895,101.07.F031B.png
4/10/2026,11:07,PM,88981,101.07.F101-1.png
4/10/2026,11:07,PM,86568,101.07.F101-2.png
4/10/2026,11:07,PM,89378,101.07.F101-3.png
4/10/2026,11:07,PM,83790,101.07.F190.png
4/10/2026,11:07,PM,31918,101.07.F202.png
4/10/2026,11:11,PM,15761,207.01.-101.png
4/10/2026,11:11,PM,15741,207.01.-102.png
4/10/2026,11:11,PM,15771,207.01.-103.png
4/10/2026,11:11,PM,35679,207.01.002.png
4/10/2026,11:11,PM,35696,207.01.003.png
4/10/2026,11:11,PM,24294,207.01.101.png
4/10/2026,11:11,PM,24246,207.01.102.png
4/10/2026,11:11,PM,24236,207.01.112.png
4/10/2026,11:07,PM,24138,207.01.113.png
4/10/2026,11:11,PM,24157,207.01.114.png
4/10/2026,11:11,PM,25384,207.01.201.png
4/10/2026,11:11,PM,25396,207.01.202.png
4/10/2026,11:08,PM,25399,207.01.206.png
4/10/2026,11:11,PM,25365,207.01.213.png
4/10/2026,11:11,PM,25390,207.01.214.png
4/10/2026,11:05,PM,25461,207.01.222.png
4/10/2026,11:11,PM,25389,207.01.224.png
4/10/2026,11:11,PM,25398,207.01.225.png
4/10/2026,11:11,PM,24255,207.01.301.png
4/10/2026,11:11,PM,24298,207.01.302.png
4/10/2026,11:08,PM,24287,207.01.305.png
4/10/2026,11:11,PM,24271,207.01.313.png
4/10/2026,11:11,PM,24244,207.01.314.png
4/10/2026,11:00,PM,22926,207.01.411.png
4/10/2026,11:11,PM,22897,207.01.413.png
4/10/2026,11:11,PM,22894,207.01.415.png
4/10/2026,11:08,PM,22969,207.01.416.png
4/10/2026,11:11,PM,24291,207.01.501.png
4/10/2026,11:08,PM,24226,207.01.504.png
4/10/2026,11:11,PM,24237,207.01.505.png
4/10/2026,11:11,PM,24367,207.01.506.png
4/10/2026,11:11,PM,24278,207.01.510.png
4/10/2026,11:11,PM,24278,207.01.511.png
4/10/2026,11:06,PM,24247,207.01.537.png
4/10/2026,11:11,PM,31357,208.01.D0.01.png
4/10/2026,11:09,PM,31240,208.01.D0.05.png
4/10/2026,11:09,PM,31309,208.01.D0.06.png
4/10/2026,11:11,PM,28542,208.01.D1.01.png
4/10/2026,11:08,PM,28673,208.01.D1.02.png
4/10/2026,11:11,PM,28836,208.01.D1.03.png
4/10/2026,11:07,PM,29358,208.01.D1.04.png
4/10/2026,11:06,PM,25248,208.01.D2.01.png
4/10/2026,11:07,PM,25214,208.01.D2.02.png
4/10/2026,11:06,PM,25307,208.01.D2.03.png
4/10/2026,11:07,PM,25258,208.01.D2.04.png
4/10/2026,11:06,PM,25391,208.01.D2.05.png
4/10/2026,11:06,PM,25331,208.01.D2.06.png
4/10/2026,11:04,PM,27368,208.01.D3.01.png
4/10/2026,11:04,PM,27384,208.01.D3.02.png
4/10/2026,11:07,PM,27288,208.01.D3.03.png
4/10/2026,11:04,PM,27360,208.01.D3.04.png
4/10/2026,11:06,PM,27714,208.01.D3.05.png
4/10/2026,11:04,PM,25617,208.01.D4.01.png
4/10/2026,11:04,PM,25622,208.01.D4.02.png
4/10/2026,11:04,PM,25934,208.01.D4.03.png
4/10/2026,11:11,PM,25722,208.01.D4.04.png
4/10/2026,11:04,PM,25703,208.01.D4.05.png
4/10/2026,11:06,PM,25801,208.01.D4.06.png
4/10/2026,11:04,PM,26701,208.01.D5.01.png
4/10/2026,11:04,PM,26851,208.01.D5.02.png
4/10/2026,11:04,PM,26524,208.01.D5.03.png
4/10/2026,11:08,PM,26573,208.01.D5.04.png
4/10/2026,11:06,PM,26740,208.01.D5.05.png
4/10/2026,11:11,PM,26721,208.01.D5.06.png
4/10/2026,11:06,PM,26732,208.01.D5.07.png
4/10/2026,11:06,PM,26486,208.01.D5.08.png
4/10/2026,11:06,PM,26725,208.01.D5.09.png
4/10/2026,11:06,PM,26770,208.01.D5.10.png
4/10/2026,11:04,PM,25526,208.01.D6.01.png
4/10/2026,11:07,PM,25275,208.01.D6.02.png
4/10/2026,11:06,PM,25551,208.01.D6.03.png
4/10/2026,11:11,PM,25593,208.01.D6.04.png
4/10/2026,11:06,PM,25643,208.01.D6.05.png
4/10/2026,11:06,PM,25413,208.01.D6.06.png
4/10/2026,11:06,PM,25596,208.01.D6.07.png
4/10/2026,11:04,PM,25707,208.01.D7.01.png
4/10/2026,11:04,PM,25448,208.01.D7.02.png
4/10/2026,11:04,PM,25562,208.01.D7.03.png
4/10/2026,11:04,PM,25596,208.01.D7.04.png
4/10/2026,11:04,PM,25605,208.01.D7.05.png
4/10/2026,11:04,PM,25585,208.01.D7.06.png
4/10/2026,11:08,PM,25584,208.01.D7.07.png
4/10/2026,11:04,PM,22996,208.01.D8.01.png
4/10/2026,11:11,PM,23433,208.01.D8.02.png
4/10/2026,11:09,PM,67090,208.02.A-1.01.png
4/10/2026,11:06,PM,67101,208.02.A-1.09.png
4/10/2026,11:06,PM,89164,208.02.A0.01.png
4/10/2026,11:04,PM,89018,208.02.A0.03.png
4/10/2026,11:06,PM,89039,208.02.A0.07.png
4/10/2026,11:06,PM,88638,208.02.A0.08.png
4/10/2026,11:06,PM,88872,208.02.A0.10.png
2/4/2026,10:55,AM,88917,208.02.A0.11.png
4/10/2026,11:06,PM,88944,208.02.A0.12.png
4/10/2026,11:04,PM,89265,208.02.A0.13.png
4/10/2026,11:06,PM,88807,208.02.A0.14.png
4/10/2026,11:04,PM,88988,208.02.A0.15.png
2/4/2026,10:55,AM,88976,208.02.A0.17.png
4/10/2026,11:06,PM,66168,208.02.A1.01.png
4/10/2026,11:06,PM,66899,208.02.A1.03.png
4/10/2026,11:11,PM,66897,208.02.A1.05.1.png
4/10/2026,11:06,PM,67000,208.02.A1.05.png
4/10/2026,11:06,PM,66230,208.02.A1.08.png
2/4/2026,10:55,AM,67166,208.02.A1.09.png
4/10/2026,11:04,PM,66521,208.02.A1.10.1.png
4/10/2026,11:08,PM,66493,208.02.A1.10.2.png
4/10/2026,11:04,PM,66773,208.02.A1.10.png
4/10/2026,11:06,PM,67045,208.02.A1.11.png
4/10/2026,11:04,PM,66843,208.02.A1.12.png
4/10/2026,11:08,PM,66877,208.02.A1.14.png
4/10/2026,11:08,PM,66866,208.02.A1.15.1.png
4/10/2026,11:06,PM,66922,208.02.A1.15.png
4/10/2026,11:04,PM,66827,208.02.A1.16.png
4/10/2026,11:06,PM,66811,208.02.A1.17.png
4/10/2026,11:04,PM,66963,208.02.A1.18.1.png
4/10/2026,11:04,PM,66485,208.02.A1.18.2.png
4/10/2026,11:04,PM,66801,208.02.A1.18.png
4/10/2026,11:06,PM,65974,208.02.A1.19.png
4/10/2026,11:06,PM,66902,208.02.A1.20.png
4/10/2026,11:08,PM,66373,208.02.A1.24.png
4/10/2026,11:06,PM,51580,208.02.A2.01.png
4/10/2026,11:06,PM,52708,208.02.A2.03.png
4/10/2026,11:06,PM,52759,208.02.A2.05.png
4/10/2026,11:11,PM,52599,208.02.A2.07.png
4/10/2026,11:06,PM,51364,208.02.A2.08.png
4/10/2026,11:11,PM,52458,208.02.A2.09.png
4/10/2026,11:04,PM,51437,208.02.A2.10.png
4/10/2026,11:11,PM,52569,208.02.A2.11.png
4/10/2026,11:08,PM,51679,208.02.A2.12.png
4/10/2026,11:11,PM,52530,208.02.A2.13.png
4/10/2026,11:04,PM,51458,208.02.A2.14.png
4/10/2026,11:11,PM,52526,208.02.A2.15.png
4/10/2026,11:04,PM,51444,208.02.A2.16.png
4/10/2026,11:09,PM,52702,208.02.A2.17.png
2/4/2026,10:55,AM,51659,208.02.A2.19.png
4/10/2026,11:04,PM,52069,208.02.A2.20.png
4/10/2026,11:06,PM,65102,208.02.A3.01.png
4/10/2026,11:06,PM,65155,208.02.A3.03.png
4/10/2026,11:06,PM,65065,208.02.A3.05.png
4/10/2026,11:06,PM,64406,208.02.A3.06.png
4/10/2026,11:11,PM,64815,208.02.A3.08.1.png
4/10/2026,11:11,PM,64716,208.02.A3.08.2.png
4/10/2026,11:06,PM,65461,208.02.A3.09.png
4/10/2026,11:11,PM,64503,208.02.A3.10.png
4/10/2026,11:06,PM,64629,208.02.A3.11.1.png
4/10/2026,11:06,PM,65040,208.02.A3.11.png
4/10/2026,11:04,PM,64628,208.02.A3.12.png
4/10/2026,11:06,PM,65119,208.02.A3.13.png
4/10/2026,11:04,PM,64585,208.02.A3.14.1.png
4/10/2026,11:04,PM,64558,208.02.A3.14.2.png
4/10/2026,11:04,PM,64595,208.02.A3.14.png
4/10/2026,11:06,PM,65079,208.02.A3.15.png
4/10/2026,11:04,PM,64207,208.02.A3.16.png
2/4/2026,10:55,AM,64403,208.02.A3.18.png
4/10/2026,11:11,PM,44307,208.04.B0.01.png
4/10/2026,11:11,PM,44287,208.04.B0.03.png
4/10/2026,11:11,PM,44052,208.04.B0.04.png
4/10/2026,11:11,PM,43812,208.04.B0.05.png
4/10/2026,11:09,PM,39133,208.04.BG.01.png
4/10/2026,11:08,PM,39254,208.04.BG.04.1.png
4/10/2026,11:04,PM,39384,208.04.BG.04.png
4/10/2026,11:09,PM,59276,208.05.C0.01.png
4/10/2026,11:09,PM,45974,208.05.C1.01.png
4/10/2026,11:06,PM,51953,208.06.01.png
4/10/2026,11:11,PM,82896,211.01.01.N.01.png
4/10/2026,11:06,PM,82842,211.01.01.N.06.png
4/10/2026,11:11,PM,82904,211.01.01.N.07.png
4/10/2026,11:09,PM,82837,211.01.01.N.10.png
4/10/2026,11:09,PM,82844,211.01.01.N.14.png
4/10/2026,11:11,PM,82907,211.01.01.N.15.png
4/10/2026,11:11,PM,82894,211.01.01.N.21.png
4/10/2026,11:11,PM,82914,211.01.01.N.25.png
4/10/2026,11:07,PM,82966,211.01.01.O.01.png
4/10/2026,11:07,PM,82960,211.01.01.O.07.png
4/10/2026,11:07,PM,82744,211.01.01.O.13.png
4/10/2026,11:07,PM,82907,211.01.01.O.20.png
4/10/2026,11:11,PM,82916,211.01.01.S.01.png
4/10/2026,11:06,PM,82853,211.01.01.S.06.png
4/10/2026,11:11,PM,82904,211.01.01.S.07.png
4/10/2026,11:06,PM,82852,211.01.01.S.10.png
4/10/2026,11:06,PM,82853,211.01.01.S.14.png
4/10/2026,11:11,PM,82897,211.01.01.S.15.png
4/10/2026,11:08,PM,83012,211.01.01.S.21.png
4/10/2026,11:07,PM,82896,211.01.01.W.03.png
4/10/2026,11:07,PM,82818,211.01.01.W.09.png
4/10/2026,11:07,PM,82950,211.01.01.W.20.png
4/10/2026,11:11,PM,92613,211.01.02.N.01.png
4/10/2026,11:11,PM,92664,211.01.02.N.05.png
4/10/2026,11:09,PM,92594,211.01.02.N.06.png
4/10/2026,11:11,PM,92636,211.01.02.N.09.png
4/10/2026,11:09,PM,92591,211.01.02.N.10.png
4/10/2026,11:11,PM,92635,211.01.02.N.13.png
4/10/2026,11:09,PM,92592,211.01.02.N.14.png
4/10/2026,11:11,PM,92617,211.01.02.N.17.png
4/10/2026,11:07,PM,92770,211.01.02.N.21.png
4/10/2026,11:07,PM,92661,211.01.02.O.03.png
4/10/2026,11:07,PM,92733,211.01.02.O.09.png
4/10/2026,11:07,PM,92724,211.01.02.O.18.png
4/10/2026,11:11,PM,92613,211.01.02.S.01.png
4/10/2026,11:11,PM,92659,211.01.02.S.05.png
4/10/2026,11:09,PM,92597,211.01.02.S.06.png
4/10/2026,11:11,PM,92605,211.01.02.S.09.png
4/10/2026,11:09,PM,92592,211.01.02.S.10.png
4/10/2026,11:11,PM,92633,211.01.02.S.13.png
4/10/2026,11:09,PM,92606,211.01.02.S.14.png
4/10/2026,11:11,PM,92624,211.01.02.S.17.png
4/10/2026,11:07,PM,92660,211.01.02.S.21.png
4/10/2026,11:07,PM,92587,211.01.02.W.03.png
4/10/2026,11:07,PM,92636,211.01.02.W.09.png
4/10/2026,11:07,PM,92736,211.01.02.W.18.png
4/10/2026,11:11,PM,73278,211.01.03.N.01.png
4/10/2026,11:11,PM,73195,211.01.03.N.05.png
4/10/2026,11:11,PM,73204,211.01.03.N.11.png
4/10/2026,11:11,PM,73242,211.01.03.N.15.png
4/10/2026,11:11,PM,73249,211.01.03.N.21.png
4/10/2026,11:09,PM,73640,211.01.03.O.01.1.png
4/10/2026,11:09,PM,73709,211.01.03.O.01.2.png
4/10/2026,11:09,PM,73538,211.01.03.O.01.3.png
4/10/2026,11:11,PM,73391,211.01.03.O.21.png
4/10/2026,11:09,PM,73407,211.01.03.O.22.png
4/10/2026,11:11,PM,73941,211.01.03.W.01.1.png
4/10/2026,11:04,PM,73338,211.01.03.W.21.png
4/10/2026,11:04,PM,73541,211.01.03.W.23.png
4/10/2026,11:05,PM,63372,211.01.04.O.01.png
4/10/2026,11:04,PM,63401,211.01.04.O.05.png
4/10/2026,11:08,PM,63248,211.01.04.O.08.png
4/10/2026,11:04,PM,63634,211.01.04.O.09.png
4/10/2026,11:04,PM,63385,211.01.04.O.27.png
4/10/2026,11:04,PM,63399,211.01.04.O.28.png
4/10/2026,11:04,PM,63513,211.01.04.O.29.png
4/10/2026,11:04,PM,63803,211.01.05.O.01.png
4/10/2026,11:04,PM,64025,211.01.05.O.05.png
4/10/2026,11:04,PM,64055,211.01.05.O.07.png
4/10/2026,11:04,PM,64017,211.01.05.O.08.png
4/10/2026,11:04,PM,63901,211.01.05.O.09.png
4/10/2026,11:05,PM,64038,211.01.05.O.12.png
4/10/2026,11:05,PM,64007,211.01.05.O.14.png
4/10/2026,11:04,PM,64073,211.01.05.O.21.png
4/10/2026,11:04,PM,64101,211.01.05.O.23.png
4/10/2026,11:04,PM,64053,211.01.05.W.03.png
4/10/2026,11:04,PM,64025,211.01.05.W.07.png
4/10/2026,11:04,PM,63998,211.01.05.W.08.png
4/10/2026,11:04,PM,63704,211.01.05.W.09.png
4/10/2026,11:04,PM,63989,211.01.05.W.12.png
4/10/2026,11:04,PM,64040,211.01.05.W.13.png
4/10/2026,11:04,PM,63909,211.01.05.W.14.png
4/10/2026,11:04,PM,64034,211.01.05.W.17.png
4/10/2026,11:04,PM,63938,211.01.05.W.19.png
4/10/2026,11:04,PM,63967,211.01.05.W.23.png
4/10/2026,11:04,PM,64099,211.01.05.W.27.png
4/10/2026,11:04,PM,64109,211.01.05.W.29.png
4/10/2026,11:04,PM,64558,211.01.06.O.01.png
4/10/2026,11:04,PM,64665,211.01.06.O.03.png
4/10/2026,11:05,PM,64686,211.01.06.O.07.png
4/10/2026,11:04,PM,64678,211.01.06.O.08.png
4/10/2026,11:05,PM,64659,211.01.06.O.09.png
4/10/2026,11:04,PM,64689,211.01.06.O.10.png
4/10/2026,11:04,PM,64723,211.01.06.O.15.png
4/10/2026,11:04,PM,64723,211.01.06.O.17.png
4/10/2026,11:04,PM,64733,211.01.06.O.19.png
4/10/2026,11:04,PM,64709,211.01.06.O.21.png
4/10/2026,11:04,PM,64584,211.01.06.O.23.png
4/10/2026,11:04,PM,64732,211.01.06.O.25.png
4/10/2026,11:04,PM,64646,211.01.06.O.26.png
4/10/2026,11:04,PM,64493,211.01.06.W.01.png
4/10/2026,11:04,PM,64863,211.01.06.W.03.png
4/10/2026,11:04,PM,64762,211.01.06.W.05.png
4/10/2026,11:04,PM,64413,211.01.06.W.07.png
4/10/2026,11:05,PM,64675,211.01.06.W.13.png
4/10/2026,11:04,PM,64620,211.01.06.W.15.png
4/10/2026,11:04,PM,64277,211.01.06.W.17.png
4/10/2026,11:04,PM,64626,211.01.06.W.23.png
4/10/2026,11:05,PM,64699,211.01.06.W.25.png
4/10/2026,11:04,PM,64899,211.01.06.W.26.png
4/10/2026,11:07,PM,63796,211.01.07.M.04.png
4/10/2026,11:09,PM,63936,211.01.07.M.12.png
4/10/2026,11:07,PM,63848,211.01.07.M.16.png
4/10/2026,11:04,PM,64355,211.01.07.N.01.png
4/10/2026,11:04,PM,64166,211.01.07.N.07.png
4/10/2026,11:04,PM,64152,211.01.07.N.09.png
4/10/2026,11:04,PM,64063,211.01.07.N.12.png
4/10/2026,11:04,PM,64152,211.01.07.N.13.png
4/10/2026,11:04,PM,64062,211.01.07.N.14.png
4/10/2026,11:04,PM,64122,211.01.07.N.15.png
4/10/2026,11:04,PM,64154,211.01.07.N.17.png
4/10/2026,11:04,PM,64182,211.01.07.N.21.png
4/10/2026,11:04,PM,64264,211.01.07.N.23.png
4/10/2026,11:04,PM,64266,211.01.07.N.27.png
4/10/2026,11:04,PM,63922,211.01.07.O.01.png
4/10/2026,11:04,PM,64004,211.01.07.O.05.png
4/10/2026,11:04,PM,63959,211.01.07.O.09.png
4/10/2026,11:04,PM,63825,211.01.07.O.11.png
4/10/2026,11:08,PM,63916,211.01.07.O.14.png
4/10/2026,11:04,PM,64039,211.01.07.O.15.png
4/10/2026,11:04,PM,64082,211.01.07.O.25.png
4/10/2026,11:04,PM,64176,211.01.07.S.01.png
4/10/2026,11:04,PM,64150,211.01.07.S.03.png
4/10/2026,11:04,PM,64183,211.01.07.S.05.png
4/10/2026,11:04,PM,64178,211.01.07.S.09.png
4/10/2026,11:04,PM,64185,211.01.07.S.11.png
4/10/2026,11:04,PM,63999,211.01.07.S.14.png
4/10/2026,11:04,PM,64192,211.01.07.S.21.png
4/10/2026,11:04,PM,64295,211.01.07.S.25.png
4/10/2026,11:08,PM,63866,211.01.07.W.01.png
4/10/2026,11:05,PM,64037,211.01.07.W.05.png
4/10/2026,11:04,PM,63999,211.01.07.W.07.png
4/10/2026,11:04,PM,64044,211.01.07.W.08.png
4/10/2026,11:04,PM,63941,211.01.07.W.11.png
4/10/2026,11:05,PM,63911,211.01.07.W.12.png
4/10/2026,11:05,PM,64143,211.01.07.W.15.png
4/10/2026,11:05,PM,64133,211.01.07.W.17.png
4/10/2026,11:05,PM,64069,211.01.07.W.18.png
4/10/2026,11:05,PM,64039,211.01.07.W.21.png
4/10/2026,11:05,PM,63975,211.01.07.W.23.png
4/10/2026,11:05,PM,64210,211.01.07.W.25.png
4/10/2026,11:05,PM,64145,211.01.07.W.26.png
4/10/2026,11:09,PM,61902,211.01.08.M.02.png
4/10/2026,11:09,PM,61886,211.01.08.M.06.png
4/10/2026,11:06,PM,61992,211.01.08.M.12.png
4/10/2026,11:06,PM,61916,211.01.08.M.22.png
4/10/2026,11:07,PM,62035,211.01.08.N.01.png
4/10/2026,11:07,PM,62006,211.01.08.N.13.png
4/10/2026,11:07,PM,61984,211.01.08.N.21.png
4/10/2026,11:05,PM,62047,211.01.08.O.01.png
4/10/2026,11:05,PM,61983,211.01.08.O.08.png
4/10/2026,11:05,PM,62064,211.01.08.O.10.png
4/10/2026,11:05,PM,61876,211.01.08.O.12.png
4/10/2026,11:05,PM,61836,211.01.08.O.13.png
4/10/2026,11:05,PM,61927,211.01.08.O.14.png
4/10/2026,11:05,PM,61913,211.01.08.O.15.png
4/10/2026,11:05,PM,61977,211.01.08.O.16.png
4/10/2026,11:05,PM,61999,211.01.08.O.25.png
4/10/2026,11:06,PM,62007,211.01.08.S.01.png
4/10/2026,11:07,PM,62007,211.01.08.S.17.png
4/10/2026,11:07,PM,62025,211.01.08.S.25.png
4/10/2026,11:05,PM,61857,211.01.08.W.01.png
4/10/2026,11:05,PM,62053,211.01.08.W.05.png
4/10/2026,11:05,PM,61986,211.01.08.W.08.png
4/10/2026,11:05,PM,61956,211.01.08.W.09.png
4/10/2026,11:05,PM,61966,211.01.08.W.10.png
4/10/2026,11:05,PM,61961,211.01.08.W.11.png
4/10/2026,11:05,PM,61954,211.01.08.W.12.png
4/10/2026,11:05,PM,61934,211.01.08.W.14.png
4/10/2026,11:05,PM,61943,211.01.08.W.17.png
4/10/2026,11:05,PM,61930,211.01.08.W.19.png
4/10/2026,11:05,PM,61950,211.01.08.W.23.png
4/10/2026,11:05,PM,62043,211.01.08.W.25.png
4/10/2026,11:06,PM,62327,211.01.09.M.02.png
4/10/2026,11:06,PM,62545,211.01.09.M.03.png
4/10/2026,11:06,PM,62564,211.01.09.M.05.png
4/10/2026,11:06,PM,62550,211.01.09.M.09.png
4/10/2026,11:06,PM,62549,211.01.09.M.10.png
4/10/2026,11:06,PM,62651,211.01.09.M.11.png
4/10/2026,11:06,PM,62658,211.01.09.M.12.png
4/10/2026,11:06,PM,62556,211.01.09.M.15.png
4/10/2026,11:06,PM,62577,211.01.09.M.16.png
4/10/2026,11:06,PM,62550,211.01.09.M.17.png
4/10/2026,11:06,PM,62620,211.01.09.M.18.png
4/10/2026,11:06,PM,62537,211.01.09.M.21.png
4/10/2026,11:05,PM,62636,211.01.09.N.01.png
4/10/2026,11:06,PM,62479,211.01.09.N.07.png
4/10/2026,11:05,PM,62571,211.01.09.N.12.png
4/10/2026,11:05,PM,62566,211.01.09.N.15.png
4/10/2026,11:05,PM,62565,211.01.09.N.16.png
4/10/2026,11:05,PM,62588,211.01.09.N.23.png
4/10/2026,11:08,PM,62578,211.01.09.O.01.png
4/10/2026,11:08,PM,62590,211.01.09.O.03.png
4/10/2026,11:05,PM,62638,211.01.09.O.05.png
4/10/2026,11:05,PM,62668,211.01.09.O.07.png
4/10/2026,11:05,PM,62697,211.01.09.O.08.png
4/10/2026,11:05,PM,62638,211.01.09.O.10.png
4/10/2026,11:05,PM,62640,211.01.09.O.12.png
4/10/2026,11:05,PM,62593,211.01.09.O.14.png
4/10/2026,11:05,PM,62621,211.01.09.O.16.png
4/10/2026,11:05,PM,62590,211.01.09.O.21.png
4/10/2026,11:05,PM,62564,211.01.09.O.23.png
4/10/2026,11:06,PM,62654,211.01.09.S.01.png
4/10/2026,11:06,PM,62594,211.01.09.S.07.png
4/10/2026,11:06,PM,62587,211.01.09.S.15.png
4/10/2026,11:06,PM,62681,211.01.09.S.23.png
4/10/2026,11:05,PM,62546,211.01.09.W.01.png
4/10/2026,11:05,PM,62633,211.01.09.W.03.png
4/10/2026,11:05,PM,62674,211.01.09.W.05.png
4/10/2026,11:05,PM,62451,211.01.09.W.07.png
4/10/2026,11:05,PM,62641,211.01.09.W.08.png
4/10/2026,11:05,PM,62613,211.01.09.W.19.png
4/10/2026,11:05,PM,62593,211.01.09.W.21.png
4/10/2026,11:05,PM,62519,211.01.09.W.23.png
4/10/2026,11:06,PM,59932,211.01.10.M.02.png
4/10/2026,11:06,PM,59747,211.01.10.M.08.png
4/10/2026,11:07,PM,59771,211.01.10.M.14.png
4/10/2026,11:07,PM,59933,211.01.10.M.22.png
4/10/2026,11:05,PM,60005,211.01.10.N.01.png
4/10/2026,11:05,PM,60021,211.01.10.N.03.png
4/10/2026,11:05,PM,60024,211.01.10.N.05.png
4/10/2026,11:05,PM,59955,211.01.10.N.07.png
4/10/2026,11:05,PM,60002,211.01.10.N.09.png
4/10/2026,11:07,PM,59948,211.01.10.N.12.png
4/10/2026,11:05,PM,59991,211.01.10.N.13.png
4/10/2026,11:05,PM,59944,211.01.10.N.14.png
4/10/2026,11:05,PM,59973,211.01.10.N.15.png
4/10/2026,11:05,PM,59939,211.01.10.N.16.png
4/10/2026,11:05,PM,59949,211.01.10.N.18.png
4/10/2026,11:05,PM,60006,211.01.10.N.19.png
4/10/2026,11:05,PM,59948,211.01.10.N.20.png
4/10/2026,11:05,PM,59997,211.01.10.N.21.png
4/10/2026,11:05,PM,59861,211.01.10.N.25.png
4/10/2026,11:09,PM,59707,211.01.10.O.01.png
4/10/2026,11:05,PM,59865,211.01.10.O.07.png
4/10/2026,11:05,PM,59894,211.01.10.O.11.png
4/10/2026,11:05,PM,59877,211.01.10.O.13.png
4/10/2026,11:05,PM,59893,211.01.10.O.16.png
4/10/2026,11:05,PM,59966,211.01.10.O.25.png
4/10/2026,11:05,PM,59982,211.01.10.O.26.png
4/10/2026,11:09,PM,59977,211.01.10.S.01.png
4/10/2026,11:05,PM,59895,211.01.10.S.04.png
4/10/2026,11:05,PM,59928,211.01.10.S.07.png
4/10/2026,11:05,PM,59982,211.01.10.S.11.png
4/10/2026,11:05,PM,59926,211.01.10.S.12.png
4/10/2026,11:05,PM,59985,211.01.10.S.13.png
4/10/2026,11:05,PM,59965,211.01.10.S.15.png
4/10/2026,11:05,PM,59940,211.01.10.S.16.png
4/10/2026,11:05,PM,60020,211.01.10.S.17.png
4/10/2026,11:05,PM,59923,211.01.10.S.18.png
4/10/2026,11:05,PM,59991,211.01.10.S.22.png
4/10/2026,11:08,PM,59842,211.01.10.W.01.png
4/10/2026,11:05,PM,59802,211.01.10.W.03.png
4/10/2026,11:05,PM,59753,211.01.10.W.05.png
4/10/2026,11:05,PM,59863,211.01.10.W.08.png
4/10/2026,11:05,PM,59788,211.01.10.W.12.png
4/10/2026,11:05,PM,59960,211.01.10.W.16.png
4/10/2026,11:05,PM,59923,211.01.10.W.18.png
4/10/2026,11:05,PM,59950,211.01.10.W.20.png
4/10/2026,11:05,PM,59822,211.01.10.W.23.png
4/10/2026,11:05,PM,59831,211.01.10.W.25.png
4/10/2026,11:07,PM,57040,211.01.11.M.02.png
4/10/2026,11:07,PM,57029,211.01.11.M.06.png
4/10/2026,11:07,PM,57027,211.01.11.M.12.png
4/10/2026,11:05,PM,57058,211.01.11.O.01.png
4/10/2026,11:05,PM,57275,211.01.11.O.05.png
4/10/2026,11:09,PM,56907,211.01.11.O.08.png
4/10/2026,11:05,PM,57066,211.01.11.O.15.png
4/10/2026,11:05,PM,57039,211.01.11.O.16.png
4/10/2026,11:05,PM,57125,211.01.11.O.23.png
4/10/2026,11:05,PM,57328,211.01.11.O.25.png
4/10/2026,11:05,PM,57284,211.01.11.O.26.png
4/10/2026,11:08,PM,57036,211.01.11.W.01.png
4/10/2026,11:05,PM,57142,211.01.11.W.03.png
4/10/2026,11:05,PM,57101,211.01.11.W.07.png
4/10/2026,11:05,PM,57253,211.01.11.W.08.png
4/10/2026,11:05,PM,57050,211.01.11.W.09.png
4/10/2026,11:05,PM,57190,211.01.11.W.12.png
4/10/2026,11:05,PM,57143,211.01.11.W.14.png
4/10/2026,11:05,PM,57199,211.01.11.W.16.png
4/10/2026,11:05,PM,57224,211.01.11.W.25.png
4/10/2026,11:05,PM,57153,211.01.11.W.26.png
4/10/2026,11:09,PM,61263,211.01.12.O.01.png
4/10/2026,11:09,PM,61334,211.01.12.O.08.png
4/10/2026,11:09,PM,61121,211.01.12.O.09.png
4/10/2026,11:09,PM,61161,211.01.12.O.12.png
4/10/2026,11:09,PM,61346,211.01.12.O.14.png
4/10/2026,11:09,PM,61342,211.01.12.O.17.png
4/10/2026,11:09,PM,61415,211.01.12.O.18.png
4/10/2026,11:09,PM,61440,211.01.12.O.25.png
4/10/2026,11:09,PM,61527,211.01.12.S.01.png
4/10/2026,11:09,PM,61472,211.01.12.S.09.png
4/10/2026,11:09,PM,61372,211.01.12.S.12.png
4/10/2026,11:09,PM,61372,211.01.12.S.14.png
4/10/2026,11:09,PM,61458,211.01.12.S.17.png
4/10/2026,11:09,PM,61363,211.01.12.S.18.png
4/10/2026,11:09,PM,61533,211.01.12.S.25.png
4/10/2026,11:09,PM,60996,211.01.12.W.01.png
4/10/2026,11:09,PM,61324,211.01.12.W.08.png
4/10/2026,11:09,PM,61330,211.01.12.W.09.png
4/10/2026,11:09,PM,61426,211.01.12.W.12.png
4/10/2026,11:09,PM,61399,211.01.12.W.14.png
4/10/2026,11:09,PM,61255,211.01.12.W.17.png
4/10/2026,11:09,PM,61244,211.01.12.W.18.png
4/10/2026,11:09,PM,61381,211.01.12.W.25.png
4/10/2026,11:08,PM,87503,211.01.EG.N.01.png
4/10/2026,11:05,PM,87539,211.01.EG.S.01.1.png
4/10/2026,11:05,PM,87421,211.01.EG.S.01.2.png
4/10/2026,11:05,PM,87671,211.01.EG.S.02.png
4/10/2026,11:07,PM,86574,211.01.EG.W.01.png
4/10/2026,11:08,PM,65704,211.01.GA.S.03.png
4/10/2026,11:05,PM,65684,211.01.GA.S.05.png
4/10/2026,11:05,PM,65653,211.01.GA.S.09.png
4/10/2026,11:05,PM,65666,211.01.GA.S.10.png
4/10/2026,11:05,PM,87911,211.01.U1.N.05.png
4/10/2026,11:07,PM,88357,211.01.U1.O.05.png
4/10/2026,11:06,PM,88323,211.01.U1.O.06.png
4/10/2026,11:07,PM,88267,211.01.U1.O.19.png
4/10/2026,11:11,PM,85605,211.01.U2.N.05.png
4/10/2026,11:11,PM,85623,211.01.U2.N.11.png
4/10/2026,11:05,PM,85541,211.01.U2.N.15.2.png
4/10/2026,11:06,PM,86085,211.01.U2.N.31.png
4/10/2026,11:06,PM,85703,211.01.U2.N.37.png
4/10/2026,11:06,PM,85949,211.01.U2.N.41.png
4/10/2026,11:07,PM,85592,211.01.U2.O.01.1.png
4/10/2026,11:07,PM,85781,211.01.U2.O.01.2.png
4/10/2026,11:07,PM,97784,215.01.E1.021.png
4/10/2026,11:07,PM,97619,215.01.E1.022.png
4/10/2026,11:07,PM,97654,215.01.E1.023.png
4/10/2026,11:09,PM,78081,215.01.O1.002.png
4/10/2026,11:09,PM,77988,215.01.O1.033.png
4/10/2026,11:09,PM,78173,215.01.O1.038.png
4/10/2026,11:09,PM,78446,215.01.O1.039.png
4/10/2026,11:09,PM,78196,215.01.O1.043.png
4/10/2026,11:09,PM,77965,215.01.O1.044.png
4/10/2026,11:09,PM,77976,215.01.O1.045.png
4/10/2026,11:09,PM,78196,215.01.O1.046.png
4/10/2026,11:09,PM,78397,215.01.O1.047.png
4/10/2026,11:09,PM,78417,215.01.O1.051.png
4/10/2026,11:09,PM,78101,215.01.O1.052.png
4/10/2026,11:09,PM,95631,215.01.O2.002.png
4/10/2026,11:09,PM,96316,215.01.O2.003.png
4/10/2026,11:09,PM,96222,215.01.O2.008.png
4/10/2026,11:09,PM,95749,215.01.O2.009.png
4/10/2026,11:09,PM,95849,215.01.O2.010.png
4/10/2026,11:09,PM,95878,215.01.O2.011.png
4/10/2026,11:09,PM,96257,215.01.O2.012.png
4/10/2026,11:09,PM,96421,215.01.O2.018.png
4/10/2026,11:09,PM,95697,215.01.O2.019.png
4/10/2026,11:09,PM,95706,215.01.O2.023.png
4/10/2026,11:09,PM,95769,215.01.O2.030.png
4/10/2026,11:09,PM,95702,215.01.O2.031.png
4/10/2026,11:09,PM,95642,215.01.O2.037.png
4/10/2026,11:09,PM,95766,215.01.O2.038.png
4/10/2026,11:09,PM,95659,215.01.O2.045.png
4/10/2026,11:08,PM,89015,215.01.O3.040.1.png
4/10/2026,11:08,PM,89021,215.01.O3.040.2.png
4/10/2026,11:08,PM,89154,215.01.O3.040.3.png
4/10/2026,11:08,PM,89053,215.01.O3.045.2.png
4/10/2026,11:08,PM,73899,215.01.O4.012.1.png
4/10/2026,11:08,PM,73777,215.01.O4.012.2.png
4/10/2026,11:08,PM,73732,215.01.O4.012.3.png
4/10/2026,11:08,PM,73730,215.01.O4.019.1.png
4/10/2026,11:08,PM,73800,215.01.O4.047.1.png
4/10/2026,11:08,PM,73660,215.01.O4.047.2.png
4/10/2026,11:08,PM,73716,215.01.O4.047.3.png
4/10/2026,11:08,PM,73741,215.01.O4.047.4.png
4/10/2026,11:07,PM,192464,313.01.A010.png
4/10/2026,11:07,PM,192537,313.01.A012.png
4/10/2026,11:11,PM,192515,313.01.A013.png
4/10/2026,11:11,PM,192656,313.01.A014.png
4/10/2026,11:11,PM,192597,313.01.A015.png
4/10/2026,11:11,PM,192600,313.01.A016.png
4/10/2026,11:00,PM,193035,313.01.A020.png
4/10/2026,11:07,PM,192914,313.01.A022.png
4/10/2026,11:07,PM,192988,313.01.A024.png
4/10/2026,11:10,PM,192642,313.01.A025.png
4/10/2026,11:10,PM,192708,313.01.A026.png
4/10/2026,11:07,PM,192620,313.01.A030.png
4/10/2026,11:10,PM,218889,313.01.A110.png
4/10/2026,11:10,PM,219095,313.01.A111.png
4/10/2026,11:11,PM,218953,313.01.A112.png
4/10/2026,11:11,PM,219082,313.01.A113.png
4/10/2026,11:11,PM,219146,313.01.A114.png
4/10/2026,11:11,PM,218549,313.01.A121.png
4/10/2026,11:07,PM,218643,313.01.A122.png
4/10/2026,11:11,PM,219506,313.01.A130.png
4/10/2026,11:11,PM,218865,313.01.A131.png
4/10/2026,11:11,PM,218879,313.01.A132.png
4/10/2026,11:10,PM,219950,313.01.A133.png
4/10/2026,11:10,PM,218971,313.01.A141.png
4/10/2026,11:10,PM,218771,313.01.A142.png
4/10/2026,11:09,PM,218195,313.01.A150.png
4/10/2026,11:09,PM,218193,313.01.A151.png
4/10/2026,11:09,PM,218198,313.01.A160.png
4/10/2026,11:09,PM,218154,313.01.A161.png
4/10/2026,11:09,PM,218427,313.01.A170.png
4/10/2026,11:09,PM,218491,313.01.A171.png
4/10/2026,11:09,PM,218427,313.01.A180.png
4/10/2026,11:09,PM,218483,313.01.A181.png
4/10/2026,11:00,PM,257652,313.01.A215.png
4/10/2026,11:00,PM,256831,313.01.A216.png
4/10/2026,11:00,PM,256791,313.01.A217.png
4/10/2026,11:00,PM,256851,313.01.A218.png
4/10/2026,11:00,PM,256594,313.01.A220.png
4/10/2026,11:00,PM,256874,313.01.A221.png
4/10/2026,11:00,PM,256896,313.01.A223.png
4/10/2026,11:00,PM,256714,313.01.A224.png
4/10/2026,11:00,PM,256722,313.01.A227.png
4/10/2026,11:00,PM,256716,313.01.A229.png
4/10/2026,11:00,PM,257196,313.01.A230.png
4/10/2026,11:00,PM,256827,313.01.A231.png
4/10/2026,11:00,PM,257005,313.01.A232.png
4/10/2026,11:00,PM,256769,313.01.A233.png
4/10/2026,11:00,PM,256640,313.01.A235.png
4/10/2026,11:00,PM,256735,313.01.A237.png
4/10/2026,11:00,PM,256763,313.01.A238.png
4/10/2026,11:00,PM,256719,313.01.A239.png
4/10/2026,11:00,PM,256797,313.01.A241.png
4/10/2026,11:00,PM,257352,313.01.A242.png
4/10/2026,11:01,PM,256754,313.01.A248.png
4/10/2026,11:01,PM,256830,313.01.A250.png
4/10/2026,11:01,PM,256693,313.01.A251.png
4/10/2026,11:01,PM,256835,313.01.A252.png
4/10/2026,11:01,PM,256903,313.01.A253.png
4/10/2026,11:01,PM,256830,313.01.A254.png
4/10/2026,11:01,PM,256772,313.01.A256.png
4/10/2026,11:01,PM,256777,313.01.A258.png
4/10/2026,11:01,PM,256741,313.01.A259.png
4/10/2026,11:01,PM,256772,313.01.A260.png
4/10/2026,11:01,PM,256813,313.01.A261.png
4/10/2026,11:01,PM,256901,313.01.A262.png
4/10/2026,11:07,PM,256670,313.01.A263.png
4/10/2026,11:01,PM,256733,313.01.A264.png
4/10/2026,11:08,PM,256718,313.01.A265.png
4/10/2026,11:01,PM,256725,313.01.A266.png
4/10/2026,11:08,PM,256668,313.01.A267.png
4/10/2026,11:01,PM,257025,313.01.A268.png
4/10/2026,11:08,PM,256665,313.01.A270.png
4/10/2026,11:01,PM,256628,313.01.A272.png
4/10/2026,11:01,PM,256512,313.01.A274.png
4/10/2026,11:01,PM,256586,313.01.A275.png
4/10/2026,11:09,PM,256361,313.01.A276.png
4/10/2026,11:09,PM,256415,313.01.A277.png
4/10/2026,11:09,PM,256705,313.01.A278.png
4/10/2026,11:00,PM,256964,313.01.A281.png
4/10/2026,11:00,PM,257024,313.01.A283.png
4/10/2026,11:09,PM,256705,313.01.A284.png
4/10/2026,11:09,PM,256803,313.01.A285.png
4/10/2026,11:09,PM,256863,313.01.A286.png
4/10/2026,11:07,PM,192780,313.01.B018.png
4/10/2026,11:00,PM,192280,313.01.B041.png
4/10/2026,11:10,PM,218871,313.01.B115.png
4/10/2026,11:10,PM,218584,313.01.B125.png
4/10/2026,11:10,PM,218553,313.01.B126.png
4/10/2026,11:10,PM,218734,313.01.B135.png
4/10/2026,11:10,PM,218890,313.01.B145.png
4/10/2026,11:10,PM,218999,313.01.B146.png
4/10/2026,11:10,PM,218921,313.01.B147.png
4/10/2026,11:09,PM,218273,313.01.B155.png
4/10/2026,11:09,PM,218286,313.01.B156.png
4/10/2026,11:09,PM,218314,313.01.B165.png
4/10/2026,11:09,PM,218330,313.01.B166.png
4/10/2026,11:09,PM,218570,313.01.B176.png
4/10/2026,11:09,PM,218470,313.01.B178.png
4/10/2026,11:09,PM,218645,313.01.B185.png
4/10/2026,11:09,PM,218634,313.01.B187.png
4/10/2026,11:00,PM,257701,313.01.B212.png
4/10/2026,11:01,PM,256915,313.01.B219.png
4/10/2026,11:01,PM,256738,313.01.B220.png
4/10/2026,11:01,PM,256758,313.01.B221.png
4/10/2026,11:01,PM,256718,313.01.B223.png
4/10/2026,11:01,PM,256743,313.01.B224.png
4/10/2026,11:01,PM,256709,313.01.B225.png
4/10/2026,11:01,PM,256820,313.01.B227.png
4/10/2026,11:01,PM,256693,313.01.B230.png
4/10/2026,11:01,PM,256687,313.01.B232.png
4/10/2026,11:07,PM,256676,313.01.B234.png
4/10/2026,11:09,PM,256635,313.01.B237.png
4/10/2026,11:09,PM,256514,313.01.B238.png
4/10/2026,11:09,PM,256647,313.01.B239.png
4/10/2026,11:00,PM,256887,313.01.B241.png
4/10/2026,11:00,PM,256914,313.01.B243.png
4/10/2026,11:00,PM,256883,313.01.B244.png
4/10/2026,11:00,PM,256874,313.01.B245.png
4/10/2026,11:00,PM,256890,313.01.B247.png
4/10/2026,11:00,PM,256808,313.01.B248.png
4/10/2026,11:00,PM,256772,313.01.B250.png
4/10/2026,11:00,PM,256920,313.01.B251.png
4/10/2026,11:00,PM,256873,313.01.B252.png
4/10/2026,11:00,PM,256997,313.01.B253.png
4/10/2026,11:00,PM,256698,313.01.B254.png
4/10/2026,11:00,PM,256964,313.01.B255.png
4/10/2026,11:07,PM,256692,313.01.B256.png
4/10/2026,11:00,PM,256885,313.01.B257.png
4/10/2026,11:07,PM,256664,313.01.B258.png
4/10/2026,11:00,PM,256979,313.01.B259.png
4/10/2026,11:00,PM,256964,313.01.B260.png
4/10/2026,11:00,PM,257233,313.01.B261.png
4/10/2026,11:07,PM,256723,313.01.B270.png
4/10/2026,11:09,PM,256628,313.01.B271.png
4/10/2026,11:09,PM,256593,313.01.B272.png
4/10/2026,11:09,PM,256807,313.01.B273.png
4/10/2026,11:00,PM,256716,313.01.B274.png
4/10/2026,11:00,PM,256768,313.01.B275.png
4/10/2026,11:00,PM,256737,313.01.B276.png
4/10/2026,11:00,PM,256739,313.01.B277.png
4/10/2026,11:00,PM,256727,313.01.B278.png
4/10/2026,11:00,PM,256813,313.01.B279.png
4/10/2026,11:03,PM,44157,313.02.101.2.png
4/10/2026,11:04,PM,44137,313.02.101.3.png
4/10/2026,11:03,PM,44196,313.02.101.4.png
4/10/2026,11:03,PM,44197,313.02.101.5.png
4/10/2026,11:03,PM,44204,313.02.101.6.png
4/10/2026,11:03,PM,43812,313.02.101.png
4/10/2026,11:07,PM,44175,313.02.103.png
4/10/2026,11:11,PM,43992,313.02.104.png
4/10/2026,11:07,PM,44255,313.02.106.png
4/10/2026,11:03,PM,44315,313.02.107.png
4/10/2026,11:11,PM,43991,313.02.108.png
4/10/2026,11:11,PM,44006,313.02.111.png
4/10/2026,11:07,PM,43937,313.02.112.png
4/10/2026,11:07,PM,44242,313.02.113.png
4/10/2026,11:07,PM,43956,313.02.114.png
4/10/2026,11:03,PM,44133,313.02.115.png
4/10/2026,11:11,PM,44044,313.02.116.png
4/10/2026,11:11,PM,43976,313.02.117.png
4/10/2026,11:11,PM,44146,313.02.118.png
4/10/2026,11:11,PM,44143,313.02.119.png
4/10/2026,11:11,PM,44166,313.02.120.png
4/10/2026,11:03,PM,44239,313.02.122.png
4/10/2026,11:03,PM,39122,313.02.201.png
4/10/2026,11:03,PM,39607,313.02.202.1.png
4/10/2026,11:11,PM,39428,313.02.204.png
4/10/2026,11:00,PM,39475,313.02.205.png
4/10/2026,11:07,PM,39648,313.02.206.png
4/10/2026,11:11,PM,39529,313.02.208.png
4/10/2026,11:03,PM,39535,313.02.209.png
4/10/2026,11:03,PM,39564,313.02.210.png
4/10/2026,11:03,PM,39410,313.02.211.png
4/10/2026,11:03,PM,39496,313.02.212.png
4/10/2026,11:00,PM,39638,313.02.213.png
4/10/2026,11:07,PM,39379,313.02.214.png
4/10/2026,11:11,PM,39373,313.02.216.png
4/10/2026,11:00,PM,39500,313.02.217.png
4/10/2026,11:11,PM,39589,313.02.218.png
4/10/2026,11:11,PM,39571,313.02.219.png
4/10/2026,11:11,PM,39605,313.02.220.png
4/10/2026,11:03,PM,39608,313.02.222.png
4/10/2026,11:03,PM,39428,313.02.223.png
4/10/2026,11:07,PM,42858,313.02.305.png
4/10/2026,11:07,PM,42866,313.02.307.png
4/10/2026,11:07,PM,42858,313.02.309.png
4/10/2026,11:03,PM,42936,313.02.310.png
4/10/2026,11:03,PM,42932,313.02.311.png
4/10/2026,11:05,PM,42935,313.02.312.png
4/10/2026,11:03,PM,42904,313.02.313.png
4/10/2026,11:03,PM,42980,313.02.314.png
4/10/2026,11:03,PM,42944,313.02.315.png
4/10/2026,11:03,PM,43009,313.02.316.png
4/10/2026,11:05,PM,42883,313.02.317.png
4/10/2026,11:03,PM,42889,313.02.318.png
4/10/2026,11:03,PM,42890,313.02.319.png
4/10/2026,11:03,PM,42934,313.02.320.png
4/10/2026,11:03,PM,42922,313.02.321.png
4/10/2026,11:03,PM,42812,313.02.322.png
4/10/2026,11:11,PM,42624,313.02.330.png
4/10/2026,11:11,PM,42561,313.02.331.png
4/10/2026,11:11,PM,42890,313.02.332.png
4/10/2026,11:05,PM,42432,313.02.344.png
4/10/2026,11:11,PM,45903,313.02.E04.png
4/10/2026,11:03,PM,45920,313.02.E08.png
4/10/2026,11:11,PM,45930,313.02.E09.png
4/10/2026,11:03,PM,45943,313.02.E14.png
4/10/2026,11:07,PM,45827,313.02.E18.png
4/10/2026,11:11,PM,35121,313.03.E02.png
4/10/2026,11:11,PM,35123,313.03.E03.png
4/10/2026,11:11,PM,34804,313.03.E04.png
4/10/2026,11:00,PM,56486,313.04.101.png
4/10/2026,11:00,PM,56527,313.04.102.png
4/10/2026,11:11,PM,56429,313.04.103.png
4/10/2026,11:11,PM,56877,313.04.104.png
4/10/2026,11:11,PM,56324,313.04.106.png
4/10/2026,11:11,PM,56526,313.04.107.png
4/10/2026,11:11,PM,56558,313.04.108.png
4/10/2026,11:11,PM,56618,313.04.109.png
4/10/2026,11:07,PM,56509,313.04.110.png
4/10/2026,11:11,PM,56574,313.04.111.png
4/10/2026,11:07,PM,56795,313.04.120.png
4/10/2026,11:07,PM,56425,313.04.122.png
4/10/2026,11:07,PM,56509,313.04.123.png
4/10/2026,11:11,PM,14148,313.05.101.png
4/10/2026,11:11,PM,14152,313.05.102.png
4/10/2026,11:11,PM,14139,313.05.103.png
4/10/2026,11:11,PM,14121,313.05.104.png
4/10/2026,11:11,PM,14114,313.05.105.png
4/10/2026,11:11,PM,14065,313.05.106.png
4/10/2026,11:11,PM,14156,313.05.107.png
4/10/2026,11:07,PM,50873,314.01.A011.png
4/10/2026,11:07,PM,33055,314.01.A102.png
4/10/2026,11:07,PM,15457,314.01.A200.png
4/10/2026,11:11,PM,15436,314.01.A213.png
4/10/2026,11:11,PM,15321,314.01.A214.png
4/10/2026,11:11,PM,15544,314.01.A215.png
4/10/2026,11:11,PM,15329,314.01.A216.png
4/10/2026,11:11,PM,15486,314.01.A217.png
4/10/2026,11:07,PM,15344,314.01.A218.png
4/10/2026,11:11,PM,14837,314.01.A303.png
4/10/2026,11:11,PM,15012,314.01.A304.png
4/10/2026,11:11,PM,14790,314.01.A305.png
4/10/2026,11:11,PM,14882,314.01.A306.png
4/10/2026,11:11,PM,14896,314.01.A313.png
4/10/2026,11:11,PM,14795,314.01.A314.png
4/10/2026,11:00,PM,15042,314.01.A315.png
4/10/2026,11:00,PM,14854,314.01.A316.png
4/10/2026,11:11,PM,14862,314.01.A317.png
4/10/2026,11:07,PM,14824,314.01.A318.png
4/10/2026,11:06,PM,51396,314.02.B005.png
4/10/2026,11:06,PM,51543,314.02.B006.png
4/10/2026,11:06,PM,51388,314.02.B007.png
4/10/2026,11:06,PM,51132,314.02.B009.png
4/10/2026,11:06,PM,51370,314.02.B010.png
4/10/2026,11:06,PM,51364,314.02.B012.png
4/10/2026,11:06,PM,33006,314.02.B101.png
4/10/2026,11:06,PM,32998,314.02.B103.png
4/10/2026,11:06,PM,33055,314.02.B105.png
4/10/2026,11:07,PM,32940,314.02.B106.png
4/10/2026,11:00,PM,33024,314.02.B108.png
4/10/2026,11:00,PM,34093,314.02.BU04.png
4/10/2026,11:07,PM,34216,314.02.BU06.png
4/10/2026,11:11,PM,34143,314.02.BU07.png
4/10/2026,11:06,PM,34131,314.02.BU08.png
4/10/2026,11:07,PM,51136,314.03.C001.png
4/10/2026,11:07,PM,51122,314.03.C002.png
4/10/2026,11:07,PM,51235,314.03.C003.png
4/10/2026,11:11,PM,51314,314.03.C004.png
4/10/2026,11:06,PM,33002,314.03.C101.png
4/10/2026,11:06,PM,33004,314.03.C105.png
4/10/2026,11:06,PM,32961,314.03.C106.png